{
    "start_date": "2022-03-02",
    "detailed_view": true,
    "users": [{
            "name": "Phlex",
            "accounts": ["Frank The Tank", "Scott Watson"]
        },
        {
            "name": "Anton",
            "accounts": ["Marion ♟", "Ted White"]
        },
        {
            "name": "Zvo",
            "accounts": ["TheLastAirbender", "cryptosuit"]
        },
        {
            "name": "Marko",
            "accounts": ["Alton Klein", "Herman Underwood"]
        },
        {
            "name": "Angie",
            "accounts": ["Kellie Le Le", "Marie"]
        }
    ]
}